{
    "acc": {
        "0": 65.9090909090909,
        "1": 25.806451612903224,
        "2": 83.82352941176471,
        "3": 100.0,
        "4": 29.508196721311474
    },
    "agg_acc": 61.66666666666667,
    "cost": {
        "0": 11.397727272727273,
        "1": 10.370967741935484,
        "2": 14.647058823529411,
        "3": 7.0,
        "4": 9.081967213114755
    },
    "agg_cost": 10.498333333333333,
    "agg_reliability": "NA",
    "count": {
        "0": 44,
        "1": 62,
        "4": 61,
        "3": 65,
        "2": 68
    },
    "total_count": 300,
    "args": {
        "output_root": "../results",
        "model": "chameleon",
        "label": "chameleon_chatgpt",
        "task_name": "hupd",
        "test_split": "test",
        "test_number": 1,
        "seed": 0,
        "dataset": "hupd",
        "hardness": "easy",
        "version": "v3",
        "gpt": "gpt3",
        "modules": null,
        "policy_engine": "gpt-3.5-turbo",
        "policy_temperature": 0.0,
        "policy_max_tokens": 1000
    }
}