{
    "overall_performance": {
        "7": 0.0,
        "8": 0.11120689655172415,
        "9": 0.0,
        "10": 0.44
    },
    "valid_performance": {
        "7": 0.0,
        "8": 0.25862068965517243,
        "9": 0.0,
        "10": 0.5569620253164557
    },
    "errors": {
        "7": 0.47,
        "8": 0.57,
        "9": 0.97,
        "10": 0.21
    },
    "cost": {
        "7": {
            "valid_mean": 5.067991254078385,
            "valid_median": 5.0,
            "valid_trimmed_mean": 5.090265420904989,
            "valid_variance": 0.16040086869098674,
            "invalid_mean": 4.754995303903491,
            "invalid_median": 5.0,
            "invalid_trimmed_mean": 4.783304695688095,
            "invalid_variance": 0.30955651552183916
        },
        "8": {
            "valid_mean": 7.064379001018069,
            "valid_median": 7.0,
            "valid_trimmed_mean": 7.123969251792537,
            "valid_variance": 1.9440793806393362,
            "invalid_mean": 0.05818639983079649,
            "invalid_median": 0.0,
            "invalid_trimmed_mean": 0.0,
            "invalid_variance": 0.19298245614035087
        },
        "9": {
            "valid_mean": 7.0,
            "valid_median": 7.0,
            "valid_trimmed_mean": 7.0,
            "valid_variance": 0.0,
            "invalid_mean": 0.0,
            "invalid_median": 0.0,
            "invalid_trimmed_mean": 0.0,
            "invalid_variance": 0.0
        },
        "10": {
            "valid_mean": 5.021974874181746,
            "valid_median": 3.7416573867739413,
            "valid_trimmed_mean": 4.733765546530625,
            "valid_variance": 11.341047444665277,
            "invalid_mean": 0.0,
            "invalid_median": 0.0,
            "invalid_trimmed_mean": 0.0,
            "invalid_variance": 0.0
        }
    },
    "cost_original": {
        "7": {
            "valid": [
                5.0,
                5.0,
                5.0,
                3.0,
                4.732050807568877,
                4.732050807568877,
                5.0,
                5.23606797749979,
                5.23606797749979,
                5.23606797749979,
                5.0,
                5.0,
                5.23606797749979,
                5.23606797749979,
                5.0,
                5.0,
                5.0,
                5.645751311064591,
                5.0,
                5.23606797749979,
                5.0,
                5.0,
                5.0,
                5.0,
                5.23606797749979,
                4.732050807568877,
                5.645751311064591,
                5.23606797749979,
                5.0,
                5.23606797749979,
                5.0,
                5.23606797749979,
                5.23606797749979,
                5.645751311064591,
                5.0,
                4.732050807568877,
                5.23606797749979,
                5.0,
                5.0,
                5.645751311064591,
                5.0,
                4.732050807568877,
                6.0,
                4.732050807568877,
                5.645751311064591,
                4.732050807568877,
                5.0,
                4.732050807568877,
                5.0,
                5.23606797749979,
                5.449489742783178,
                5.0,
                5.0
            ],
            "invalid": [
                4.732050807568877,
                4.732050807568877,
                4.732050807568877,
                4.732050807568877,
                5.0,
                3.0,
                3.0,
                5.0,
                4.732050807568877,
                3.0,
                5.0,
                4.732050807568877,
                5.0,
                5.0,
                5.0,
                5.0,
                4.732050807568877,
                4.732050807568877,
                4.732050807568877,
                5.0,
                5.0,
                5.0,
                5.0,
                4.732050807568877,
                5.0,
                5.0,
                5.0,
                4.732050807568877,
                5.0,
                5.0,
                4.732050807568877,
                5.0,
                5.0,
                5.0,
                3.0,
                5.0,
                5.0,
                5.0,
                5.0,
                5.0,
                5.23606797749979,
                5.0,
                5.0,
                5.0,
                4.732050807568877,
                4.732050807568877,
                5.0
            ],
            "correct": [],
            "incorrect": []
        },
        "8": {
            "valid": [
                7.0,
                7.0,
                7.0,
                9.0,
                7.0,
                7.0,
                7.0,
                7.0,
                7.0,
                7.0,
                7.0,
                9.449489742783179,
                7.0,
                7.0,
                7.0,
                7.0,
                9.449489742783179,
                7.0,
                9.0,
                2.23606797749979,
                7.0,
                7.0,
                7.0,
                7.0,
                3.3166247903554,
                7.0,
                7.0,
                9.0,
                7.0,
                7.0,
                9.0,
                7.0,
                7.0,
                7.0,
                9.0,
                7.0,
                7.0,
                7.0,
                3.3166247903554,
                7.0,
                7.0,
                7.0,
                7.0
            ],
            "invalid": [
                0.0,
                0.0,
                0.0,
                0.0,
                0.0,
                0.0,
                0.0,
                0.0,
                0.0,
                0.0,
                0.0,
                0.0,
                0.0,
                0.0,
                0.0,
                0.0,
                0.0,
                0.0,
                0.0,
                0.0,
                0.0,
                0.0,
                0.0,
                0.0,
                0.0,
                0.0,
                0.0,
                0.0,
                0.0,
                0.0,
                0.0,
                0.0,
                0.0,
                0.0,
                3.3166247903554,
                0.0,
                0.0,
                0.0,
                0.0,
                0.0,
                0.0,
                0.0,
                0.0,
                0.0,
                0.0,
                0.0,
                0.0,
                0.0,
                0.0,
                0.0,
                0.0,
                0.0,
                0.0,
                0.0,
                0.0,
                0.0,
                0.0
            ],
            "correct": [],
            "incorrect": []
        },
        "9": {
            "valid": [
                7.0,
                7.0,
                7.0
            ],