{
    "overall_performance": {
        "7": 0.005142345601348615,
        "8": 0.396,
        "9": 0.05049886621315193,
        "10": 0.10153846153846154
    },
    "valid_performance": {
        "7": 0.022358024353689634,
        "8": 0.4,
        "9": 0.2970521541950113,
        "10": 0.15384615384615385
    },
    "errors": {
        "7": 0.77,
        "8": 0.01,
        "9": 0.83,
        "10": 0.34
    },
    "cost": {
        "7": {
            "valid_mean": 8.313452429529193,
            "valid_median": 5.82842712474619,
            "valid_trimmed_mean": 7.323580586514208,
            "valid_variance": 41.04805339592898,
            "invalid_mean": 5.14150447673328,
            "invalid_median": 4.732050807568877,
            "invalid_trimmed_mean": 5.014232234449551,
            "invalid_variance": 3.7215580919145332
        },
        "8": {
            "valid_mean": 7.858585858585859,
            "valid_median": 7.0,
            "valid_trimmed_mean": 7.670103092783505,
            "valid_variance": 11.959389816532674,
            "invalid_mean": 7.0,
            "invalid_median": 7.0,
            "invalid_trimmed_mean": 7.0
        },
        "9": {
            "valid_mean": 27.294117647058822,
            "valid_median": 30.0,
            "valid_trimmed_mean": 28.466666666666665,
            "valid_variance": 58.345588235294116,
            "invalid_mean": 0.3614457831325301,
            "invalid_median": 0.0,
            "invalid_trimmed_mean": 0.0,
            "invalid_variance": 10.843373493975903
        },
        "10": {
            "valid_mean": 11.151515151515152,
            "valid_median": 7.0,
            "valid_trimmed_mean": 10.6875,
            "valid_variance": 61.60745920745921,
            "invalid_mean": 9.882352941176471,
            "invalid_median": 7.0,
            "invalid_trimmed_mean": 8.8125,
            "invalid_variance": 185.80392156862746
        }
    },
    "cost_original": {
        "7": {
            "valid": [
                10.414213562373096,
                4.414213562373095,
                34.41421356237309,
                5.82842712474619,
                6.146264369941973,
                11.64575131106459,
                5.23606797749979,
                5.82842712474619,
                11.0,
                11.0,
                5.0,
                10.414213562373096,
                4.414213562373095,
                8.732050807568877,
                12.414213562373096,
                5.414213562373095,
                4.414213562373095,
                6.414213562373095,
                3.0,
                5.23606797749979,
                11.0,
                4.414213562373095,
                4.414213562373095
            ],
            "invalid": [
                4.414213562373095,
                5.23606797749979,
                4.414213562373095,
                4.414213562373095,
                4.414213562373095,
                4.414213562373095,
                5.23606797749979,
                4.414213562373095,
                5.23606797749979,
                16.82842712474619,
                4.732050807568877,
                4.414213562373095,
                4.414213562373095,
                3.0,
                5.82842712474619,
                4.414213562373095,
                5.23606797749979,
                4.732050807568877,
                4.414213562373095,
                4.0,
                6.414213562373095,
                5.23606797749979,
                4.0,
                5.23606797749979,
                5.82842712474619,
                3.0,
                4.414213562373095,
                4.414213562373095,
                5.82842712474619,
                5.0,
                4.0,
                4.732050807568877,
                5.23606797749979,
                4.414213562373095,
                6.732050807568877,
                12.160180254787928,
                5.414213562373095,
                4.414213562373095,
                5.0,
                6.0,
                5.23606797749979,
                5.449489742783178,
                4.414213562373095,
                5.23606797749979,
                4.414213562373095,
                3.0,
                4.414213562373095,
                4.414213562373095,
                5.0,
                5.23606797749979,
                5.449489742783178,
                5.23606797749979,
                4.414213562373095,
                4.732050807568877,
                3.0,
                5.0,
                6.4641016151377535,
                5.0,
                3.0,
                5.0,
                4.414213562373095,
                11.23606797749979,
                5.82842712474619,
                4.414213562373095,
                4.0,
                5.645751311064591,
                4.414213562373095,
                4.0,
                5.23606797749979,
                4.414213562373095,
                4.732050807568877,
                7.645751311064591,
                5.23606797749979,
                4.0,
                5.23606797749979,
                5.23606797749979,
                4.414213562373095
            ],
            "correct": [],
            "incorrect": []
        },
        "8": {
            "valid": [
                7.0,
                7.0,
                7.0,
                20.0,
                7.0,
                7.0,
                7.0,
                7.0,
                7.0,
                7.0,
                7.0,
                7.0,
                7.0,
                7.0,
                7.0,
                7.0,
                20.0,
                7.0,
                7.0,
                7.0,
                7.0,
                7.0,
                7.0,
                7.0,
                20.0,
                7.0,
                7.0,
                7.0,
                7.0,
                7.0,
                7.0,
                7.0,
                7.0,
                7.0,
                7.0,
                7.0,
                7.0,
                7.0,
                7.0,
                7.0,
                7.0,
                7.0,
                7.0,
                7.0,
                7.0,
                7.0,
                7.0,
                7.0,
                7.0,
                7.0,
                7.0,
                7.0,
                7.0,
                20.0,
                7.0,
                7.0,
                7.0,
                7.0,
                27.0,
                7.0,
                7.0,
                7.0,
                7.0,
                7.0,
                7.0,
                7.0,
                7.0,
                7.0,
                7.0,
                7.0,
                7.0,
                7.0,
                7.0,
                7.0,
                7.0,
                7.0,
                7.0,
                7.0,
                7.0,
                7.0,
                7.0,
                7.0,
                7.0,
                7.0,
                7.0,
                7.0,
                7.0,
                7.0,
                7.0,
                7.0,
                7.0,
                7.0,
                7.0,
                7.0,
                7.0,
                7.0,
                7.0,
                20.0,
                7.0
            ],
            "invalid": [
                7.0
            ],
            "correct": [],
            "incorrect": []
        },
        "9": {
            "valid": [
                30.0,
                30.0,
                7.0,
                30.0,
                30.0,
                30.0,
                7.0,
                30.0,
                30.0,
                30.0,
                30.0,
                30.0,
                30.0,
                30.0,
                30.0,
                30.0,
                30.0
            ],