{
    "overall_performance": {
        "7": 0.0015955842635119693,
        "8": 0.3859375,
        "9": 0.006666666666666672,
        "10": 0.4647617827868852
    },
    "valid_performance": {
        "7": 0.008864357019510938,
        "8": 0.40625,
        "9": 0.3333333333333333,
        "10": 0.49974385245901637
    },
    "errors": {
        "7": 0.82,
        "8": 0.05,
        "9": 0.98,
        "10": 0.07
    },
    "cost": {
        "7": {
            "valid_mean": 10.255994186875089,
            "valid_median": 11.64575131106459,
            "valid_trimmed_mean": 10.4828797546992,
            "valid_variance": 6.7367501127838185,
            "invalid_mean": 5.556241186326863,
            "invalid_median": 5.645751311064591,
            "invalid_trimmed_mean": 5.517196366266289,
            "invalid_variance": 0.9662631612513642
        },
        "8": {
            "valid_mean": 9.842105263157896,
            "valid_median": 7.0,
            "valid_trimmed_mean": 9.365591397849462,
            "valid_variance": 65.24076147816349,
            "invalid_mean": 6.6,
            "invalid_median": 0.0,
            "invalid_trimmed_mean": 0.0,
            "invalid_variance": 217.8
        },
        "9": {
            "valid_mean": 30.0,
            "valid_median": 30.0,
            "valid_trimmed_mean": 30.0,
            "valid_variance": 0.0,
            "invalid_mean": 0.0,
            "invalid_median": 0.0,
            "invalid_trimmed_mean": 0.0,
            "invalid_variance": 0.0
        },
        "10": {
            "valid_mean": 9.698924731182796,
            "valid_median": 7.0,
            "valid_trimmed_mean": 9.164835164835164,
            "valid_variance": 85.51706404862085,
            "invalid_mean": 31.0,
            "invalid_median": 34.0,
            "invalid_trimmed_mean": 32.6,
            "invalid_variance": 257.0
        }
    },
    "cost_original": {
        "7": {
            "valid": [
                11.64575131106459,
                11.64575131106459,
                5.645751311064591,
                11.23606797749979,
                11.64575131106459,
                11.64575131106459,
                11.64575131106459,
                11.64575131106459,
                11.64575131106459,
                11.449489742783179,
                5.23606797749979,
                11.64575131106459,
                5.645751311064591,
                5.645751311064591,
                11.64575131106459,
                11.64575131106459,
                11.64575131106459,
                11.64575131106459
            ],
            "invalid": [
                5.645751311064591,
                5.23606797749979,
                5.645751311064591,
                4.732050807568877,
                5.645751311064591,
                5.645751311064591,
                5.645751311064591,
                5.82842712474619,
                5.23606797749979,
                5.23606797749979,
                6.4641016151377535,
                6.650281539872885,
                5.23606797749979,
                5.645751311064591,
                5.645751311064591,
                5.0,
                5.645751311064591,
                5.82842712474619,
                5.23606797749979,
                5.645751311064591,
                5.23606797749979,
                5.23606797749979,
                5.449489742783178,
                5.645751311064591,
                5.645751311064591,
                5.645751311064591,
                5.645751311064591,
                5.645751311064591,
                5.23606797749979,
                5.23606797749979,
                5.23606797749979,
                5.645751311064591,
                5.23606797749979,
                5.645751311064591,
                5.23606797749979,
                4.0,
                5.645751311064591,
                5.449489742783178,
                7.0,
                5.645751311064591,
                5.645751311064591,
                6.732050807568877,
                4.0,
                5.645751311064591,
                5.645751311064591,
                5.645751311064591,
                5.645751311064591,
                5.645751311064591,
                5.23606797749979,
                6.4641016151377535,
                5.23606797749979,
                5.645751311064591,
                5.645751311064591,
                5.23606797749979,
                5.645751311064591,
                4.0,
                4.732050807568877,
                3.0,
                6.0,
                4.0,
                5.645751311064591,
                5.645751311064591,
                5.23606797749979,
                5.645751311064591,
                5.23606797749979,
                5.645751311064591,
                5.449489742783178,
                5.645751311064591,
                5.23606797749979,
                5.645751311064591,
                11.23606797749979,
                5.645751311064591,
                4.414213562373095,
                5.23606797749979,
                5.449489742783178,
                5.0,
                5.645751311064591,
                5.645751311064591,
                5.645751311064591,
                9.70820393249937,
                5.0,
                5.645751311064591
            ],
            "correct": [],
            "incorrect": []
        },
        "8": {
            "valid": [
                7.0,
                27.0,
                7.0,
                7.0,
                7.0,
                7.0,
                7.0,
                27.0,
                7.0,
                7.0,
                7.0,
                7.0,
                57.0,
                7.0,
                7.0,
                7.0,
                7.0,
                7.0,
                27.0,
                7.0,
                27.0,
                7.0,
                7.0,
                7.0,
                7.0,
                7.0,
                7.0,
                7.0,
                7.0,
                7.0,
                7.0,
                7.0,
                7.0,
                7.0,
                7.0,
                7.0,
                7.0,
                7.0,
                7.0,
                7.0,
                7.0,
                7.0,
                27.0,
                7.0,
                7.0,
                7.0,
                27.0,
                7.0,
                7.0,
                7.0,
                7.0,
                7.0,
                7.0,
                7.0,
                27.0,
                7.0,
                7.0,
                7.0,
                7.0,
                7.0,
                7.0,
                7.0,
                7.0,
                7.0,
                27.0,
                27.0,
                7.0,
                7.0,
                7.0,
                7.0,
                7.0,
                7.0,
                7.0,
                7.0,
                7.0,
                7.0,
                7.0,
                7.0,
                7.0,
                7.0,
                27.0,
                7.0,
                7.0,
                7.0,
                7.0,
                7.0,
                7.0,
                27.0,
                7.0,
                7.0,
                7.0,
                7.0,
                7.0,
                7.0,
                7.0
            ],
            "invalid": [
                0.0,
                0.0,
                0.0,
                33.0,
                0.0
            ],
            "correct": [],
            "incorrect": []
        },
        "9": {
            "valid": [
                30.0,
                30.0
            ],