{
    "overall_performance": {
        "7": 0.0,
        "8": 0.42017441860465116,
        "9": 0.10755555555555553,
        "10": 0.305040650406504
    },
    "valid_performance": {
        "7": 0,
        "8": 0.42441860465116277,
        "9": 0.4888888888888888,
        "10": 0.45528455284552843
    },
    "errors": {
        "7": 1.0,
        "8": 0.01,
        "9": 0.78,
        "10": 0.33
    },
    "cost": {
        "7": {
            "invalid_mean": 4.7572360409985786,
            "invalid_median": 4.414213562373095,
            "invalid_trimmed_mean": 4.747463960661818,
            "invalid_variance": 1.8730872943953738
        },
        "8": {
            "valid_mean": 18.949494949494948,
            "valid_median": 20.0,
            "valid_trimmed_mean": 19.061855670103093,
            "valid_variance": 12.681096681096681,
            "invalid_mean": 20.0,
            "invalid_median": 20.0,
            "invalid_trimmed_mean": 20.0
        },
        "9": {
            "valid_mean": 28.954545454545453,
            "valid_median": 30.0,
            "valid_trimmed_mean": 30.0,
            "valid_variance": 24.045454545454547,
            "invalid_mean": 0.2564102564102564,
            "invalid_median": 0.0,
            "invalid_trimmed_mean": 0.0,
            "invalid_variance": 5.128205128205129
        },
        "10": {
            "valid_mean": 15.865671641791044,
            "valid_median": 20.0,
            "valid_trimmed_mean": 16.0,
            "valid_variance": 38.239258254183625,
            "invalid_mean": 13.06060606060606,
            "invalid_median": 20.0,
            "invalid_trimmed_mean": 13.258064516129032,
            "invalid_variance": 56.496212121212125
        }
    },
    "cost_original": {
        "7": {
            "valid": [],
            "invalid": [
                4.414213562373095,
                3.0,
                3.0,
                4.414213562373095,
                3.0,
                4.414213562373095,
                4.414213562373095,
                4.414213562373095,
                6.414213562373095,
                3.0,
                6.414213562373095,
                5.82842712474619,
                4.414213562373095,
                6.414213562373095,
                4.414213562373095,
                5.82842712474619,
                4.414213562373095,
                3.0,
                6.414213562373095,
                4.414213562373095,
                3.0,
                4.414213562373095,
                4.0,
                6.414213562373095,
                7.242640687119285,
                6.414213562373095,
                4.414213562373095,
                4.414213562373095,
                4.414213562373095,
                3.0,
                4.414213562373095,
                7.47213595499958,
                6.414213562373095,
                4.414213562373095,
                3.0,
                7.242640687119285,
                3.0,
                5.82842712474619,
                4.0,
                3.0,
                4.414213562373095,
                3.0,
                4.414213562373095,
                4.414213562373095,
                6.414213562373095,
                3.0,
                6.414213562373095,
                4.414213562373095,
                4.414213562373095,
                5.82842712474619,
                7.414213562373095,
                6.414213562373095,
                6.414213562373095,
                6.414213562373095,
                4.414213562373095,
                4.414213562373095,
                6.4641016151377535,
                7.414213562373095,
                4.414213562373095,
                4.414213562373095,
                4.414213562373095,
                4.414213562373095,
                6.414213562373095,
                4.414213562373095,
                4.414213562373095,
                4.414213562373095,
                4.414213562373095,
                4.414213562373095,
                4.414213562373095,
                4.414213562373095,
                4.414213562373095,
                4.414213562373095,
                4.0,
                4.414213562373095,
                6.414213562373095,
                7.242640687119285,
                3.0,
                4.414213562373095,
                6.414213562373095,
                7.414213562373095,
                4.414213562373095,
                6.414213562373095,
                3.0,
                3.0,
                3.0,
                3.0,
                4.414213562373095,
                4.414213562373095,
                3.0,
                4.414213562373095,
                3.0,
                3.0,
                3.0,
                4.0,
                3.0,
                4.414213562373095,
                6.414213562373095,
                6.414213562373095,
                7.23606797749979,
                4.414213562373095
            ],
            "correct": [],
            "incorrect": []
        },
        "8": {
            "valid": [
                20.0,
                20.0,
                20.0,
                20.0,
                20.0,
                20.0,
                20.0,
                20.0,
                20.0,
                20.0,
                7.0,
                20.0,
                20.0,
                20.0,
                20.0,
                20.0,
                20.0,
                20.0,
                20.0,
                20.0,
                20.0,
                20.0,
                7.0,
                20.0,
                20.0,
                20.0,
                20.0,
                20.0,
                20.0,
                20.0,
                20.0,
                20.0,
                20.0,
                20.0,
                20.0,
                20.0,
                20.0,
                20.0,
                20.0,
                20.0,
                20.0,
                7.0,
                20.0,
                20.0,
                20.0,
                20.0,
                20.0,
                20.0,
                7.0,
                20.0,
                7.0,
                20.0,
                20.0,
                20.0,
                20.0,
                20.0,
                20.0,
                7.0,
                20.0,
                20.0,
                20.0,
                20.0,
                20.0,
                20.0,
                20.0,
                20.0,
                20.0,
                20.0,
                20.0,
                20.0,
                20.0,
                20.0,
                20.0,
                20.0,
                20.0,
                20.0,
                20.0,
                20.0,
                20.0,
                20.0,
                7.0,
                20.0,
                20.0,
                7.0,
                20.0,
                20.0,
                20.0,
                20.0,
                20.0,
                20.0,
                20.0,
                20.0,
                20.0,
                20.0,
                20.0,
                20.0,
                20.0,
                20.0,
                20.0
            ],
            "invalid": [
                20.0
            ],
            "correct": [],
            "incorrect": []
        },
        "9": {
            "valid": [
                30.0,
                30.0,
                30.0,
                30.0,
                30.0,
                30.0,
                30.0,
                30.0,
                30.0,
                30.0,
                30.0,
                7.0,
                30.0,
                30.0,
                30.0,
                30.0,
                30.0,
                30.0,
                30.0,
                30.0,
                30.0,
                30.0
            ],