{
    "overall_performance": {
        "11": 0.08744939271255062,
        "12": 0.22136460554371,
        "13": 0.010000000000000009
    },
    "valid_performance": {
        "11": 0.5465587044534412,
        "12": 0.38166311300639655,
        "13": 0.5
    },
    "errors": {
        "11": 0.84,
        "12": 0.42,
        "13": 0.98
    },
    "cost": {
        "11": {
            "valid_mean": 9.70133456355746,
            "valid_median": 7.0,
            "valid_trimmed_mean": 8.784663217101398,
            "valid_variance": 77.74304819832041,
            "invalid_mean": 0.37457263827544945,
            "invalid_median": 0.0,
            "invalid_trimmed_mean": 0.13980611725777747,
            "invalid_variance": 5.424269981289771
        },
        "12": {
            "valid_mean": 5.9665279988380915,
            "valid_median": 3.8073203664906794,
            "valid_trimmed_mean": 5.866526739541628,
            "valid_variance": 11.232132123977275,
            "invalid_mean": 1.0230482901098115,
            "invalid_median": 0.0,
            "invalid_trimmed_mean": 0.8562557574382683,
            "invalid_variance": 5.523746252147681
        },
        "13": {
            "valid_mean": 30.0,
            "valid_median": 30.0,
            "valid_trimmed_mean": 30.0,
            "valid_variance": 0.0,
            "invalid_mean": 0.0,
            "invalid_median": 0.0,
            "invalid_trimmed_mean": 0.0,
            "invalid_variance": 0.0
        }
    },
    "cost_original": {
        "11": {
            "valid": [
                7.0,
                4.898979485566356,
                7.0,
                20.0,
                7.0,
                2.23606797749979,
                2.8284271247461903,
                7.0,
                4.898979485566356,
                7.0,
                7.0,
                4.358898943540674,
                30.0,
                30.0,
                7.0,
                7.0
            ],
            "invalid": [
                0.0,
                0.0,
                0.0,
                0.0,
                0.0,
                0.0,
                0.0,
                0.0,
                0.0,
                0.0,
                0.0,
                0.0,
                0.0,
                20.0,
                0.0,
                0.0,
                0.0,
                0.0,
                0.0,
                0.0,
                0.0,
                0.0,
                0.0,
                0.0,
                0.0,
                0.0,
                0.0,
                0.0,
                0.0,
                0.0,
                0.0,
                0.0,
                7.0,
                0.0,
                0.0,
                0.0,
                0.0,
                0.0,
                0.0,
                0.0,
                0.0,
                0.0,
                0.0,
                0.0,
                0.0,
                0.0,
                0.0,
                0.0,
                0.0,
                0.0,
                0.0,
                0.0,
                0.0,
                0.0,
                1.0,
                0.0,
                0.0,
                0.0,
                0.0,
                0.0,
                0.0,
                0.0,
                0.0,
                0.0,
                0.0,
                0.0,
                0.0,
                0.0,
                0.0,
                0.0,
                0.0,
                0.0,
                0.0,
                0.0,
                0.0,
                0.0,
                3.4641016151377544,
                0.0,
                0.0,
                0.0,
                0.0,
                0.0,
                0.0,
                0.0
            ],
            "correct": [],
            "incorrect": []
        },
        "12": {
            "valid": [
                3.4641016151377544,
                3.3166247903554,
                2.449489742783178,
                10.198039027185569,
                3.4641016151377544,
                8.94427190999916,
                9.591663046625438,
                2.8284271247461903,
                10.198039027185569,
                10.0,
                10.954451150103322,
                3.3166247903554,
                15.297058540778353,
                2.23606797749979,
                3.4641016151377544,
                3.3166247903554,
                3.3166247903554,
                9.486832980505138,
                3.0,
                2.8284271247461903,
                4.898979485566356,
                3.3166247903554,
                3.4641016151377544,
                3.4641016151377544,
                2.8284271247461903,
                3.3166247903554,
                3.4641016151377544,
                9.16515138991168,
                4.358898943540674,
                3.3166247903554,
                3.4641016151377544,
                7.483314773547883,
                3.3166247903554,
                8.48528137423857,
                3.4641016151377544,
                3.0,
                10.583005244258363,
                9.38083151964686,
                9.16515138991168,
                3.1622776601683795,
                6.164414002968976,
                10.770329614269007,
                10.198039027185569,
                10.0,
                3.4641016151377544,
                3.3166247903554,
                2.449489742783178,
                10.392304845413264,
                11.313708498984761,
                8.94427190999916,
                3.0,
                3.7416573867739413,
                8.48528137423857,
                8.94427190999916,
                3.872983346207417,
                8.48528137423857,
                3.872983346207417,
                3.872983346207417
            ],
            "invalid": [
                0.0,
                0.0,
                0.0,
                7.377802118633468,
                0.0,
                3.4641016151377544,
                8.717797887081348,
                0.0,
                0.0,
                0.0,
                0.0,
                0.0,
                0.0,
                0.0,
                8.48528137423857,
                3.3166247903554,
                3.7416573867739413,
                0.0,
                0.0,
                0.0,
                0.0,
                0.0,
                0.0,
                0.0,
                0.0,
                0.0,
                0.0,
                0.0,
                0.0,
                3.7416573867739413,
                0.0,
                0.0,
                0.0,
                0.0,
                4.123105625617661,
                0.0,
                0.0,
                0.0,
                0.0,
                0.0,
                0.0,
                0.0
            ],
            "correct": [],
            "incorrect": []
        },
        "13": {
            "valid": [
                30.0,
                30.0
            ],