{
    "overall_performance": {
        "11": 0.06299999999999999,
        "12": 0.06874999999999999,
        "13": 0.08000000000000002
    },
    "valid_performance": {
        "11": 0.3,
        "12": 0.3125,
        "13": 0.47058823529411764
    },
    "errors": {
        "11": 0.79,
        "12": 0.78,
        "13": 0.83
    },
    "cost": {
        "11": {
            "valid_mean": 30.0,
            "valid_median": 30.0,
            "valid_trimmed_mean": 30.0,
            "valid_variance": 0.0,
            "invalid_mean": 1.5569620253164558,
            "invalid_median": 0.0,
            "invalid_trimmed_mean": 1.2077922077922079,
            "invalid_variance": 43.81402142161636
        },
        "12": {
            "valid_mean": 30.0,
            "valid_median": 30.0,
            "valid_trimmed_mean": 30.0,
            "valid_variance": 0.0,
            "invalid_mean": 0.0,
            "invalid_median": 0.0,
            "invalid_trimmed_mean": 0.0,
            "invalid_variance": 0.0
        },
        "13": {
            "valid_mean": 28.51365004750405,
            "valid_median": 30.0,
            "valid_trimmed_mean": 30.0,
            "valid_variance": 37.557015081840035,
            "invalid_mean": 6.144578313253012,
            "invalid_median": 0.0,
            "invalid_trimmed_mean": 5.888888888888889,
            "invalid_variance": 140.68615927123128
        }
    },
    "cost_original": {
        "11": {
            "valid": [
                30.0,
                30.0,
                30.0,
                30.0,
                30.0,
                30.0,
                30.0,
                30.0,
                30.0,
                30.0,
                30.0,
                30.0,
                30.0,
                30.0,
                30.0,
                30.0,
                30.0,
                30.0,
                30.0,
                30.0,
                30.0
            ],
            "invalid": [
                0.0,
                0.0,
                0.0,
                3.0,
                0.0,
                0.0,
                0.0,
                0.0,
                0.0,
                0.0,
                0.0,
                0.0,
                0.0,
                0.0,
                0.0,
                0.0,
                0.0,
                0.0,
                0.0,
                0.0,
                0.0,
                0.0,
                0.0,
                0.0,
                0.0,
                0.0,
                0.0,
                0.0,
                0.0,
                0.0,
                0.0,
                0.0,
                0.0,
                0.0,
                0.0,
                0.0,
                0.0,
                0.0,
                0.0,
                0.0,
                0.0,
                30.0,
                0.0,
                0.0,
                30.0,
                0.0,
                0.0,
                30.0,
                0.0,
                0.0,
                0.0,
                0.0,
                0.0,
                0.0,
                0.0,
                30.0,
                0.0,
                0.0,
                0.0,
                0.0,
                0.0,
                0.0,
                0.0,
                0.0,
                0.0,
                0.0,
                0.0,
                0.0,
                0.0,
                0.0,
                0.0,
                0.0,
                0.0,
                0.0,
                0.0,
                0.0,
                0.0,
                0.0,
                0.0
            ],
            "correct": [],
            "incorrect": []
        },
        "12": {
            "valid": [
                30.0,
                30.0,
                30.0,
                30.0,
                30.0,
                30.0,
                30.0,
                30.0,
                30.0,
                30.0,
                30.0,
                30.0,
                30.0,
                30.0,
                30.0,
                30.0,
                30.0,
                30.0,
                30.0,
                30.0,
                30.0,
                30.0
            ],
            "invalid": [
                0.0,
                0.0,
                0.0,
                0.0,
                0.0,
                0.0,
                0.0,
                0.0,
                0.0,
                0.0,
                0.0,
                0.0,
                0.0,
                0.0,
                0.0,
                0.0,
                0.0,
                0.0,
                0.0,
                0.0,
                0.0,
                0.0,
                0.0,
                0.0,
                0.0,
                0.0,
                0.0,
                0.0,
                0.0,
                0.0,
                0.0,
                0.0,
                0.0,
                0.0,
                0.0,
                0.0,
                0.0,
                0.0,
                0.0,
                0.0,
                0.0,
                0.0,
                0.0,
                0.0,
                0.0,
                0.0,
                0.0,
                0.0,
                0.0,
                0.0,
                0.0,
                0.0,
                0.0,
                0.0,
                0.0,
                0.0,
                0.0,
                0.0,
                0.0,
                0.0,
                0.0,
                0.0,
                0.0,
                0.0,
                0.0,
                0.0,
                0.0,
                0.0,
                0.0,
                0.0,
                0.0,
                0.0,
                0.0,
                0.0,
                0.0,
                0.0,
                0.0,
                0.0
            ],
            "correct": [],
            "incorrect": []
        },
        "13": {
            "valid": [
                30.0,
                30.0,
                4.732050807568877,
                30.0,
                30.0,
                30.0,
                30.0,
                30.0,
                30.0,
                30.0,
                30.0,
                30.0,
                30.0,
                30.0,
                30.0,
                30.0,
                30.0
            ],