{
    "overall_performance": {
        "11": 0.05600000000000001,
        "12": 0.015999999999999993,
        "13": 0.07
    },
    "valid_performance": {
        "11": 0.2,
        "12": 0.2,
        "13": 0.28
    },
    "errors": {
        "11": 0.72,
        "12": 0.92,
        "13": 0.75
    },
    "cost": {
        "11": {
            "valid_mean": 5.656282863365551,
            "valid_median": 4.414213562373095,
            "valid_trimmed_mean": 4.870918052564097,
            "valid_variance": 24.242444789177917,
            "invalid_mean": 0.2623387777525538,
            "invalid_median": 0.0,
            "invalid_trimmed_mean": 0.16897753035351704,
            "invalid_variance": 1.3078663252413585
        },
        "12": {
            "valid_mean": 19.536566092485494,
            "valid_median": 30.0,
            "valid_trimmed_mean": 20.813052529585143,
            "valid_variance": 208.9400975016527,
            "invalid_mean": 0.10869565217391304,
            "invalid_median": 0.0,
            "invalid_trimmed_mean": 0.03333333333333333,
            "invalid_variance": 0.6254180602006689
        },
        "13": {
            "valid_mean": 27.77797958971133,
            "valid_median": 30.0,
            "valid_trimmed_mean": 28.802151727947095,
            "valid_variance": 59.149843659980135,
            "invalid_mean": 0.8588561808316413,
            "invalid_median": 0.0,
            "invalid_trimmed_mean": 0.47142758304620674,
            "invalid_variance": 23.72537100741279
        }
    },
    "cost_original": {
        "11": {
            "valid": [
                4.414213562373095,
                2.8284271247461903,
                5.449489742783178,
                4.414213562373095,
                4.414213562373095,
                5.0,
                5.0,
                6.0,
                4.242640687119286,
                4.414213562373095,
                3.0,
                30.0,
                5.449489742783178,
                4.414213562373095,
                4.414213562373095,
                4.414213562373095,
                6.3166247903554,
                4.732050807568877,
                4.414213562373095,
                1.7320508075688772,
                4.414213562373095,
                5.449489742783178,
                6.863703305156273,
                4.414213562373095,
                4.732050807568877,
                4.414213562373095,
                8.291502622129181,
                4.732050807568877
            ],
            "invalid": [
                0.0,
                0.0,
                0.0,
                0.0,
                0.0,
                0.0,
                0.0,
                0.0,
                0.0,
                0.0,
                0.0,
                0.0,
                0.0,
                0.0,
                0.0,
                0.0,
                0.0,
                0.0,
                0.0,
                0.0,
                0.0,
                0.0,
                0.0,
                0.0,
                0.0,
                0.0,
                0.0,
                0.0,
                0.0,
                0.0,
                0.0,
                0.0,
                4.414213562373095,
                0.0,
                0.0,
                0.0,
                0.0,
                0.0,
                0.0,
                0.0,
                0.0,
                0.0,
                4.414213562373095,
                0.0,
                7.059964873437686,
                0.0,
                0.0,
                0.0,
                0.0,
                3.0,
                0.0,
                0.0,
                0.0,
                0.0,
                0.0,
                0.0,
                0.0,
                0.0,
                0.0,
                0.0,
                0.0,
                0.0,
                0.0,
                0.0,
                0.0,
                0.0,
                0.0,
                0.0,
                0.0,
                0.0,
                0.0,
                0.0
            ],
            "correct": [],
            "incorrect": []
        },
        "12": {
            "valid": [
                30.0,
                30.0,
                1.4142135623730951,
                30.0,
                30.0,
                3.4641016151377544,
                30.0,
                1.4142135623730951
            ],
            "invalid": [
                0.0,
                0.0,
                0.0,
                0.0,
                0.0,
                0.0,
                7.0,
                0.0,
                0.0,
                3.0,
                0.0,
                0.0,
                0.0,
                0.0,
                0.0,
                0.0,
                0.0,
                0.0,
                0.0,
                0.0,
                0.0,
                0.0,
                0.0,
                0.0,
                0.0,
                0.0,
                0.0,
                0.0,
                0.0,
                0.0,
                0.0,
                0.0,
                0.0,
                0.0,
                0.0,
                0.0,
                0.0,
                0.0,
                0.0,
                0.0,
                0.0,
                0.0,
                0.0,
                0.0,
                0.0,
                0.0,
                0.0,
                0.0,
                0.0,
                0.0,
                0.0,
                0.0,
                0.0,
                0.0,
                0.0,
                0.0,
                0.0,
                0.0,
                0.0,
                0.0,
                0.0,
                0.0,
                0.0,
                0.0,
                0.0,
                0.0,
                0.0,
                0.0,
                0.0,
                0.0,
                0.0,
                0.0,
                0.0,
                0.0,
                0.0,
                0.0,
                0.0,
                0.0,
                0.0,
                0.0,
                0.0,
                0.0,
                0.0,
                0.0,
                0.0,
                0.0,
                0.0,
                0.0,
                0.0,
                0.0,
                0.0,
                0.0
            ],
            "correct": [],
            "incorrect": []
        },
        "13": {
            "valid": [
                30.0,
                30.0,
                30.0,
                30.0,
                30.0,
                30.0,
                30.0,
                30.0,
                30.0,
                30.0,
                30.0,
                30.0,
                30.0,
                30.0,
                30.0,
                30.0,
                30.0,
                30.0,
                30.0,
                2.0,
                30.0,
                30.0,
                30.0,
                2.449489742783178,
                30.0
            ],